turn,total_drivers,min_speed,avg_speed,max_speed
1,3,0,0.0,0
2,6,0,0.3333333333333333,1
3,9,0,0.75,2
4,12,0,0.8333333333333334,2
5,15,0,1.0,2
6,15,0,1.625,3
7,17,0,1.6666666666666667,4
8,18,0,1.9,5
9,20,0,2.0,6
10,22,0,2.5,7
11,22,0,3.0,8
12,23,0,3.3333333333333335,9
13,25,0,3.8666666666666667,10
14,25,0,4.0,10
15,27,0,3.5294117647058822,9
16,27,0,3.789473684210526,10
17,28,0,4.190476190476191,10
18,30,0,3.6363636363636362,10
19,32,0,3.772727272727273,9
20,32,0,4.636363636363637,10
21,32,0,3.739130434782609,10
22,32,0,3.96,10
23,34,0,3.5555555555555554,10
24,37,0,3.8518518518518516,10
25,37,0,3.7857142857142856,10
26,38,0,3.9310344827586206,10
27,38,0,4.103448275862069,10
28,38,0,3.9310344827586206,9
29,39,0,4.133333333333334,10
30,40,0,3.838709677419355,10
31,39,0,3.8,9
32,39,0,3.90625,10
33,40,0,3.96875,10
34,40,0,3.6875,10
35,41,0,3.53125,10
36,41,0,3.8181818181818183,10
37,42,0,3.727272727272727,10
38,43,0,3.6285714285714286,10
39,45,0,3.7837837837837838,10
40,45,0,3.6,10
41,45,0,3.5675675675675675,9
42,46,0,3.7777777777777777,10
43,45,0,3.861111111111111,10
44,44,0,3.7777777777777777,10
45,45,0,3.8285714285714287,10
46,43,0,3.735294117647059,10
47,44,0,3.6857142857142855,10
48,44,0,2.9714285714285715,10
49,44,0,3.1944444444444446,10
50,44,0,2.8857142857142857,9
51,45,0,3.111111111111111,10
52,46,0,3.4324324324324325,10
53,46,0,3.108108108108108,10
54,45,0,2.9722222222222223,10
55,46,0,3.0,10
56,47,0,2.7837837837837838,10
57,47,0,2.7435897435897436,10
58,48,0,2.641025641025641,9
59,49,0,2.707317073170732,9
60,49,0,2.761904761904762,10
61,50,0,2.926829268292683,10
62,51,0,3.2142857142857144,10
63,50,0,3.3095238095238093,10
64,50,0,2.9761904761904763,9
65,52,0,3.4651162790697674,10
66,52,0,3.395348837209302,10
67,52,0,3.372093023255814,10
68,52,0,3.372093023255814,10
69,52,0,3.477272727272727,10
70,54,0,3.659090909090909,10
71,52,0,3.3181818181818183,10
72,53,0,3.046511627906977,10
73,51,0,2.953488372093023,10
74,53,0,3.022727272727273,10
75,53,0,2.7045454545454546,10
76,53,0,2.511111111111111,10
77,55,0,2.782608695652174,10
78,55,0,2.782608695652174,10
79,56,0,2.702127659574468,10
80,54,0,2.2888888888888888,8
81,54,0,2.382978723404255,9
82,57,0,2.4583333333333335,10
83,58,0,2.489795918367347,10
84,58,0,2.3877551020408165,10
85,58,0,2.7142857142857144,10
86,58,0,2.64,10
87,59,0,2.5510204081632653,9
88,59,0,2.607843137254902,10
89,61,0,2.7115384615384617,10
90,60,0,2.588235294117647,10
91,60,0,2.549019607843137,10
92,59,0,2.7254901960784315,10
93,60,0,2.627450980392157,10
94,60,0,2.7058823529411766,9
95,60,0,3.0,10
96,61,0,2.8653846153846154,10
97,60,0,2.8846153846153846,10
98,61,0,2.660377358490566,10
99,61,0,2.660377358490566,9
100,62,0,2.6792452830188678,9
101,63,0,3.207547169811321,10
102,62,0,2.9074074074074074,10
103,62,0,2.792452830188679,10
104,63,0,2.8333333333333335,10
105,62,0,2.611111111111111,9
106,63,0,2.8,10
107,63,0,2.740740740740741,9
108,64,0,2.8,10
109,62,0,2.547169811320755,9
110,63,0,2.727272727272727,10
111,62,0,2.388888888888889,10
112,62,0,2.2777777777777777,10
113,63,0,2.240740740740741,10
114,64,0,2.418181818181818,10
115,64,0,2.381818181818182,9
116,65,0,2.491228070175439,10
117,65,0,2.618181818181818,10
118,65,0,2.2982456140350878,10
119,65,0,2.3793103448275863,9
120,66,0,2.3448275862068964,10
121,66,0,2.3728813559322033,10
122,68,0,2.189655172413793,10
123,67,0,2.2241379310344827,10
124,66,0,2.1724137931034484,10
125,68,0,2.2241379310344827,10
126,67,0,2.2542372881355934,10
127,66,0,2.43859649122807,9
128,66,0,2.5762711864406778,9
129,67,0,2.7,10
130,69,0,2.7704918032786887,10
131,68,0,2.45,10
132,69,0,2.6333333333333333,10
133,69,0,2.459016393442623,10
134,69,0,2.3833333333333333,9
135,69,0,2.4262295081967213,10
136,70,0,2.5901639344262297,10
137,70,0,2.5901639344262297,10
138,69,0,2.466666666666667,10
139,69,0,2.4833333333333334,9
140,69,0,2.4745762711864407,8
141,69,0,2.5245901639344264,9
142,71,0,2.370967741935484,10
143,69,0,2.2459016393442623,9
144,71,0,2.3174603174603177,10
145,72,0,2.296875,10
146,73,0,2.4603174603174605,10
147,72,0,2.515625,9
148,72,0,2.25,10
149,74,0,2.1875,10
150,73,0,2.28125,10
151,72,0,2.111111111111111,9
152,72,0,2.0,9
153,72,0,2.0476190476190474,10
154,73,0,2.203125,10
155,72,0,2.2857142857142856,10
156,73,0,2.476923076923077,10
157,72,0,2.3846153846153846,10
158,75,0,2.4923076923076923,10
159,73,0,2.453125,9
160,74,0,2.3230769230769233,10
161,72,0,2.25,10
162,71,0,2.142857142857143,9
163,72,0,1.9538461538461538,10
164,73,0,2.169230769230769,10
165,74,0,2.0307692307692307,10
166,75,0,2.046153846153846,10
167,73,0,1.796875,9
168,73,0,1.71875,9
169,74,0,2.0615384615384613,10
170,75,0,2.272727272727273,10
171,74,0,2.287878787878788,7
172,76,0,2.5223880597014925,7
173,74,0,2.53125,8
174,73,0,2.4,8
175,74,0,2.230769230769231,8
176,74,0,2.3125,9
177,73,0,2.28125,10
178,73,0,2.171875,9
179,73,0,2.203125,10
180,73,0,2.0,9
181,75,0,2.2153846153846155,9
182,74,0,2.1515151515151514,9
183,74,0,2.1384615384615384,8
184,74,0,2.3230769230769233,9
185,74,0,2.123076923076923,8
186,75,0,2.0454545454545454,9
187,76,0,2.090909090909091,8
188,75,0,2.227272727272727,9
189,74,0,2.196969696969697,10
190,73,0,2.1384615384615384,8
191,73,0,2.0615384615384613,7
192,74,0,2.123076923076923,8
193,75,0,2.230769230769231,9
194,75,0,2.2238805970149254,9
195,76,0,2.257575757575758,9
196,75,0,2.298507462686567,9
197,76,0,2.4242424242424243,9
198,75,0,2.0597014925373136,8
199,77,0,2.1641791044776117,9
200,75,0,2.029850746268657,10
201,77,0,2.283582089552239,8
202,76,0,2.176470588235294,9
203,77,0,2.1194029850746268,9
204,77,0,2.072463768115942,8
205,77,0,1.8529411764705883,8
206,77,0,2.072463768115942,9
207,78,0,1.8529411764705883,9
208,78,0,2.2028985507246377,10
209,77,0,2.3088235294117645,10
210,76,0,2.08955223880597,9
211,76,0,1.9411764705882353,10
212,77,0,1.9852941176470589,10
213,76,0,1.9090909090909092,7
214,76,0,1.9253731343283582,8
215,76,0,2.029850746268657,9
216,76,0,2.1029411764705883,10
217,76,0,1.8208955223880596,8
218,77,0,2.014925373134328,9
219,76,0,2.2205882352941178,8
220,77,0,2.1940298507462686,9
221,77,0,2.3970588235294117,10
222,76,0,2.074626865671642,8
223,75,0,2.1343283582089554,8
224,76,0,2.029850746268657,7
225,77,0,1.8955223880597014,8
226,76,0,1.9402985074626866,8
227,77,0,2.235294117647059,9
228,75,0,2.0,9
229,76,0,2.3134328358208953,10
230,76,0,2.2205882352941178,9
231,78,0,2.338235294117647,10
232,77,0,2.176470588235294,8
233,77,0,2.0,9
234,77,0,2.2318840579710146,8
235,78,0,2.3714285714285714,9
236,80,0,2.2816901408450705,10
237,78,0,1.8309859154929577,9
238,80,0,1.8873239436619718,7
239,80,0,1.971830985915493,7
240,80,0,2.0,8
241,80,0,2.0833333333333335,8
242,81,0,1.9166666666666667,8
243,81,0,1.8888888888888888,8
244,82,0,1.7945205479452055,7
245,82,0,1.7808219178082192,8
246,83,0,1.7837837837837838,7
247,82,0,1.6575342465753424,7
248,83,0,1.7733333333333334,8
249,84,0,1.84,8
250,84,0,1.868421052631579,9
251,84,0,1.837837837837838,7
252,84,0,1.855263157894737,7
253,84,0,1.9333333333333333,8
254,84,0,1.855263157894737,7
255,85,0,1.868421052631579,7
256,84,0,1.9605263157894737,7
257,86,0,1.868421052631579,8
258,85,0,1.7142857142857142,7
259,86,0,1.7564102564102564,6
260,88,0,1.858974358974359,7
261,86,0,1.8461538461538463,7
262,88,0,1.8354430379746836,7
263,86,0,1.6883116883116882,8
264,86,0,1.881578947368421,7
265,86,0,1.8181818181818181,8
266,86,0,1.858974358974359,7
267,86,0,1.87012987012987,8
268,86,0,1.9871794871794872,9
269,86,0,1.7820512820512822,8
270,88,0,1.8974358974358974,9
271,86,0,1.8205128205128205,8
272,86,0,1.7272727272727273,8
273,86,0,1.763157894736842,7
274,85,0,1.974025974025974,7
275,85,0,1.9733333333333334,8
276,85,0,1.9733333333333334,9
277,84,0,1.894736842105263,7
278,84,0,1.9473684210526316,8
279,83,0,1.986842105263158,7
280,85,0,1.9090909090909092,8
281,85,0,1.7532467532467533,8
282,86,0,1.9342105263157894,9
283,85,0,1.868421052631579,9
284,84,0,1.631578947368421,8
285,86,0,1.8026315789473684,9
286,84,0,1.631578947368421,8
287,86,0,1.9350649350649352,9
288,85,0,1.763157894736842,9
289,86,0,1.8051948051948052,7
290,87,0,1.9615384615384615,7
291,88,0,1.9873417721518987,8
292,88,0,2.0253164556962027,8
293,87,0,1.9493670886075949,7
294,89,0,1.8271604938271604,8
295,88,0,1.7341772151898733,9
296,88,0,1.6835443037974684,7
297,88,0,1.8354430379746836,8
298,88,0,1.6962025316455696,9
299,87,0,1.8101265822784811,8
300,87,0,1.876543209876543,6
301,90,0,2.0,7
302,90,0,1.8888888888888888,8
303,91,0,1.9146341463414633,8
304,89,0,1.8148148148148149,9
305,91,0,1.5975609756097562,8
306,90,0,1.7317073170731707,8
307,90,0,1.5802469135802468,9
308,90,0,1.7654320987654322,8
309,90,0,1.7195121951219512,9
310,92,0,1.7951807228915662,9
311,91,0,1.9156626506024097,8
312,92,0,1.869047619047619,7
313,93,0,1.7590361445783131,7
314,91,0,1.8433734939759037,8
315,91,0,1.9012345679012346,9
316,91,0,1.8795180722891567,9
317,93,0,1.7058823529411764,9
318,93,0,1.6666666666666667,9
319,93,0,1.802325581395349,10
320,94,0,1.7619047619047619,10
321,93,0,1.7228915662650603,10
322,92,0,1.7261904761904763,9
323,93,0,1.6265060240963856,9
324,90,0,1.6049382716049383,10
325,90,0,1.5679012345679013,8
326,89,0,1.575,8
327,89,0,1.5,9
328,90,0,1.65,10
329,88,0,1.5,10
330,87,0,1.5696202531645569,7
331,89,0,1.6329113924050633,8
332,88,0,1.6875,7
333,90,0,1.8024691358024691,8
334,90,0,1.75,9
335,89,0,1.8625,8
336,88,0,1.691358024691358,7
337,90,0,1.691358024691358,7
338,89,0,1.654320987654321,8
339,89,0,1.7160493827160495,9
340,90,0,1.5853658536585367,9
341,92,0,1.5595238095238095,6
342,93,0,1.6626506024096386,7
343,92,0,1.8095238095238095,8
344,93,0,1.8433734939759037,9
345,92,0,1.8795180722891567,9
346,91,0,1.8048780487804879,8
347,90,0,1.7349397590361446,9
348,91,0,1.6904761904761905,9
349,92,0,1.5903614457831325,8
350,92,0,1.8452380952380953,9
351,93,0,1.8095238095238095,8
352,92,0,1.8795180722891567,8
353,92,0,1.9523809523809523,9
354,92,0,1.9404761904761905,9
355,92,0,1.927710843373494,8
356,92,0,1.8433734939759037,8
357,92,0,1.7710843373493976,8
358,92,0,1.869047619047619,8
359,92,0,1.7469879518072289,9
360,91,0,1.5555555555555556,8
361,90,0,1.5308641975308641,8
362,91,0,1.6144578313253013,7
363,92,0,1.5714285714285714,8
364,92,0,1.670731707317073,9
365,91,0,1.6341463414634145,8
366,91,0,1.6585365853658536,8
367,90,0,1.6024096385542168,9
368,91,0,1.7108433734939759,8
369,91,0,1.7857142857142858,9
370,92,0,1.6385542168674698,7
371,93,0,1.630952380952381,8
372,92,0,1.7469879518072289,9
373,93,0,1.6470588235294117,8
374,94,0,1.5930232558139534,8
375,95,0,1.7011494252873562,9
376,95,0,1.6511627906976745,10
377,93,0,1.5,8
378,93,0,1.411764705882353,9
379,95,0,1.5172413793103448,10
380,96,0,1.5747126436781609,8
381,97,0,1.7045454545454546,7
382,96,0,1.5057471264367817,8
383,97,0,1.6477272727272727,9
384,98,0,1.6704545454545454,8
385,97,0,1.7272727272727273,9
386,96,0,1.5227272727272727,7
387,97,0,1.4659090909090908,7
388,97,0,1.5747126436781609,7
389,97,0,1.5393258426966292,8
390,97,0,1.5222222222222221,7
391,98,0,1.5730337078651686,8
392,98,0,1.6404494382022472,6
393,97,0,1.7840909090909092,7
394,98,0,1.8222222222222222,7
395,98,0,1.7954545454545454,8
396,96,0,1.5977011494252873,7
397,96,0,1.8068181818181819,7
398,98,0,1.8202247191011236,8
399,98,0,1.6022727272727273,7
400,97,0,1.6022727272727273,7
401,98,0,1.6136363636363635,8
402,97,0,1.7954545454545454,9
403,98,0,1.7222222222222223,9
404,98,0,1.5280898876404494,8
405,97,0,1.5227272727272727,9
406,98,0,1.5454545454545454,9
407,97,0,1.5393258426966292,8
408,97,0,1.5568181818181819,9
409,97,0,1.6704545454545454,8
410,97,0,1.5730337078651686,9
411,98,0,1.6629213483146068,9
412,97,0,1.6704545454545454,8
413,96,0,1.5172413793103448,8
414,96,0,1.6590909090909092,9
415,97,0,1.5795454545454546,10
416,96,0,1.6590909090909092,10
417,97,0,1.5977011494252873,9
418,95,0,1.3372093023255813,8
419,96,0,1.4886363636363635,9
420,97,0,1.5454545454545454,9
421,98,0,1.5730337078651686,9
422,97,0,1.5842696629213484,8
423,98,0,1.3888888888888888,9
424,99,0,1.511111111111111,10
425,99,0,1.3888888888888888,10
426,99,0,1.3111111111111111,8
427,99,0,1.5555555555555556,8
428,99,0,1.5494505494505495,9
429,101,0,1.5217391304347827,9
430,100,0,1.4725274725274726,9
431,99,0,1.550561797752809,10
432,99,0,1.3516483516483517,8
433,98,0,1.4333333333333333,9
434,99,0,1.3,9
435,99,0,1.4945054945054945,10
436,100,0,1.6703296703296704,10
437,99,0,1.6292134831460674,7
438,96,0,1.6477272727272727,8
439,96,0,1.7674418604651163,9
440,96,0,1.8505747126436782,10
441,97,0,1.651685393258427,10
442,97,0,1.4022988505747127,8
443,97,0,1.5454545454545454,9
444,96,0,1.247191011235955,9
445,99,0,1.4719101123595506,10
446,97,0,1.5632183908045978,10
447,96,0,1.5862068965517242,10
448,96,0,1.569767441860465,9
449,95,0,1.5862068965517242,10
450,95,0,1.4942528735632183,9
451,95,0,1.5930232558139534,10
452,94,0,1.4651162790697674,8
453,95,0,1.5465116279069768,9
454,95,0,1.7241379310344827,10
455,95,0,1.7411764705882353,10
456,94,0,1.6705882352941177,9
457,94,0,1.5813953488372092,10
458,95,0,1.588235294117647,10
459,94,0,1.5813953488372092,9
460,95,0,1.576470588235294,10
461,95,0,1.471264367816092,10
462,95,0,1.5465116279069768,8
463,95,0,1.5813953488372092,9
464,95,0,1.5232558139534884,10
465,95,0,1.5172413793103448,10
466,97,0,1.6629213483146068,10
467,97,0,1.6781609195402298,10
468,95,0,1.5172413793103448,8
469,96,0,1.6162790697674418,8
470,96,0,1.6436781609195403,9
471,97,0,1.6292134831460674,10
472,98,0,1.5795454545454546,10
473,96,0,1.4651162790697674,9
474,96,0,1.5,9
475,96,0,1.558139534883721,10
476,94,0,1.5529411764705883,10
477,94,0,1.388235294117647,8
478,94,0,1.3529411764705883,9
479,95,0,1.5172413793103448,10
480,96,0,1.4069767441860466,8
481,95,0,1.3255813953488371,9
482,96,0,1.5340909090909092,10
483,98,0,1.5795454545454546,10
484,97,0,1.4659090909090908,10
485,96,0,1.3333333333333333,9
486,97,0,1.5795454545454546,9
487,98,0,1.7078651685393258,10
488,97,0,1.7126436781609196,10
489,96,0,1.5454545454545454,10
490,97,0,1.4772727272727273,8
491,98,0,1.625,9
492,97,0,1.5842696629213484,10
493,97,0,1.5340909090909092,10
494,98,0,1.5168539325842696,10
495,98,0,1.511111111111111,9
496,99,0,1.4555555555555555,10
497,100,0,1.6153846153846154,10
498,100,0,1.3626373626373627,10
499,100,0,1.4565217391304348,10
500,101,0,1.5054945054945055,9
501,100,0,1.423913043478261,10
502,101,0,1.5108695652173914,10
503,100,0,1.4395604395604396,8
504,101,0,1.4891304347826086,9
505,102,0,1.5161290322580645,10
506,102,0,1.5591397849462365,10
507,102,0,1.4408602150537635,7
508,101,0,1.423913043478261,8
509,101,0,1.6021505376344085,9
510,101,0,1.5698924731182795,10
511,101,0,1.5319148936170213,10
512,100,0,1.5824175824175823,9
513,100,0,1.6703296703296704,10
514,99,0,1.6923076923076923,10
515,99,0,1.6853932584269662,10
516,98,0,1.6777777777777778,10
517,99,0,1.6888888888888889,10
518,99,0,1.6,8
519,100,0,1.5384615384615385,9
520,100,0,1.5714285714285714,10
521,100,0,1.5384615384615385,10
522,99,0,1.6813186813186813,10
523,100,0,1.684782608695652,10
524,102,0,1.6021505376344085,10
525,101,0,1.5108695652173914,10
526,100,0,1.4505494505494505,8
527,101,0,1.4130434782608696,8
528,101,0,1.5543478260869565,9
529,102,0,1.5161290322580645,10
530,101,0,1.358695652173913,10
531,102,0,1.3978494623655915,10
532,101,0,1.3010752688172043,10
533,101,0,1.3763440860215055,10
534,101,0,1.3478260869565217,10
535,102,0,1.4516129032258065,10
536,102,0,1.4574468085106382,10
537,102,0,1.5,10
538,103,0,1.5851063829787233,10
539,102,0,1.565217391304348,8
540,102,0,1.5053763440860215,9
541,102,0,1.5978260869565217,10
542,101,0,1.6129032258064515,10
543,102,0,1.5483870967741935,8
544,101,0,1.5384615384615385,9
545,101,0,1.5,10
546,101,0,1.3626373626373627,9
547,100,0,1.4673913043478262,10
548,100,0,1.4175824175824177,7
549,100,0,1.4175824175824177,8
550,100,0,1.6153846153846154,8
551,101,0,1.7252747252747254,9
552,100,0,1.641304347826087,9
553,100,0,1.5164835164835164,9
554,99,0,1.6333333333333333,8
555,99,0,1.6593406593406594,9
556,99,0,1.5543478260869565,8
557,101,0,1.5604395604395604,9
558,99,0,1.4555555555555555,8
559,99,0,1.4666666666666666,9
560,99,0,1.5054945054945055,9
561,101,0,1.5494505494505495,7
562,100,0,1.4285714285714286,8
563,101,0,1.565217391304348,9
564,100,0,1.3846153846153846,8
565,100,0,1.4615384615384615,9
566,99,0,1.5494505494505495,8
567,100,0,1.3736263736263736,8
568,99,0,1.3555555555555556,8
569,100,0,1.5869565217391304,9
570,99,0,1.5824175824175823,7
571,100,0,1.7032967032967032,8
572,100,0,1.7252747252747254,9
573,99,0,1.6444444444444444,8
574,99,0,1.5054945054945055,9
575,101,0,1.576086956521739,9
576,100,0,1.4395604395604396,7
577,100,0,1.2747252747252746,8
578,101,0,1.5869565217391304,9
579,102,0,1.6914893617021276,9
580,102,0,1.6304347826086956,9
581,100,0,1.6195652173913044,7
582,101,0,1.4623655913978495,7
583,102,0,1.4148936170212767,8
584,103,0,1.6210526315789473,9
585,105,0,1.4842105263157894,8
586,104,0,1.4842105263157894,9
587,103,0,1.4946236559139785,8
588,103,0,1.6129032258064515,7
589,101,0,1.5,8
590,101,0,1.6263736263736264,8
591,101,0,1.6483516483516483,9
592,99,0,1.6483516483516483,8
593,99,0,1.4835164835164836,9
594,100,0,1.5543478260869565,7
595,102,0,1.5638297872340425,7
596,101,0,1.6373626373626373,8
597,101,0,1.7065217391304348,9
598,100,0,1.6666666666666667,10
599,98,0,1.6444444444444444,10
600,98,0,1.6292134831460674,8
601,98,0,1.7777777777777777,9
602,100,0,1.6593406593406594,10
603,100,0,1.6703296703296704,10
604,99,0,1.5333333333333334,9
605,99,0,1.5555555555555556,10
606,98,0,1.3595505617977528,9
607,99,0,1.5393258426966292,10
608,97,0,1.4719101123595506,10
609,96,0,1.5568181818181819,8
610,97,0,1.5172413793103448,9
611,97,0,1.6931818181818181,10
612,96,0,1.3522727272727273,9
613,97,0,1.4318181818181819,9
614,97,0,1.4157303370786516,10
615,97,0,1.404494382022472,7
616,98,0,1.4333333333333333,8
617,99,0,1.4111111111111112,9
618,100,0,1.4555555555555555,7
619,99,0,1.511111111111111,8
620,99,0,1.6263736263736264,8
621,99,0,1.3695652173913044,8
622,99,0,1.4615384615384615,9
623,99,0,1.5164835164835164,6
624,101,0,1.673913043478261,7
625,99,0,1.6630434782608696,8
626,98,0,1.4777777777777779,9
627,99,0,1.5666666666666667,10
628,99,0,1.5333333333333334,8
629,100,0,1.5777777777777777,9
630,99,0,1.550561797752809,10
631,98,0,1.3777777777777778,8
632,97,0,1.3707865168539326,9
633,98,0,1.488888888888889,8
634,99,0,1.4606741573033708,8
635,98,0,1.5842696629213484,9
636,99,0,1.5555555555555556,9
637,99,0,1.6444444444444444,8
638,100,0,1.7692307692307692,9
639,100,0,1.8333333333333333,9
640,98,0,1.7303370786516854,8
641,99,0,1.6043956043956045,9
642,99,0,1.4725274725274726,8
643,100,0,1.4111111111111112,9
644,99,0,1.6043956043956045,8
645,100,0,1.6333333333333333,9
646,98,0,1.4719101123595506,7
647,99,0,1.5888888888888888,7
648,99,0,1.5730337078651686,8
649,98,0,1.5681818181818181,8
650,97,0,1.625,7
651,97,0,1.6,8
652,98,0,1.5555555555555556,9
653,98,0,1.5222222222222221,9
654,99,0,1.5280898876404494,7
655,99,0,1.4285714285714286,8
656,100,0,1.5333333333333334,8
657,99,0,1.4222222222222223,9
658,99,0,1.3932584269662922,8
659,99,0,1.4333333333333333,7
660,100,0,1.5,8
661,99,0,1.3888888888888888,6
662,100,0,1.4945054945054945,6
663,101,0,1.5913978494623655,7
664,102,0,1.6344086021505377,8
665,103,0,1.5425531914893618,8
666,102,0,1.5806451612903225,7
667,101,0,1.5268817204301075,8
668,103,0,1.4946236559139785,9
669,101,0,1.3548387096774193,8
670,101,0,1.4021739130434783,9
671,102,0,1.5212765957446808,9
672,104,0,1.4042553191489362,7
673,103,0,1.5,8
674,103,0,1.648936170212766,9
675,103,0,1.6631578947368422,8
676,104,0,1.6210526315789473,8
677,103,0,1.4680851063829787,8
678,104,0,1.4947368421052631,8
679,103,0,1.6210526315789473,9
680,103,0,1.7446808510638299,9
681,103,0,1.5913978494623655,8
682,102,0,1.4891304347826086,9
683,101,0,1.3333333333333333,9
684,102,0,1.5053763440860215,10
685,101,0,1.5053763440860215,9
686,102,0,1.6063829787234043,10
687,102,0,1.6881720430107527,8
688,101,0,1.5326086956521738,9
689,102,0,1.5869565217391304,10
690,101,0,1.5806451612903225,9
691,102,0,1.5319148936170213,10
692,102,0,1.5957446808510638,9
693,103,0,1.631578947368421,10
694,104,0,1.4526315789473685,8
695,103,0,1.4361702127659575,8
696,102,0,1.423913043478261,7
697,100,0,1.5326086956521738,8
698,101,0,1.6263736263736264,9
699,99,0,1.5888888888888888,9
700,97,0,1.4886363636363635,8
701,98,0,1.5333333333333334,9
702,99,0,1.5168539325842696,9
703,97,0,1.5568181818181819,9
704,97,0,1.6704545454545454,8
705,97,0,1.5617977528089888,8
706,99,0,1.5888888888888888,8
707,98,0,1.4269662921348314,9
708,97,0,1.4204545454545454,8
709,98,0,1.449438202247191,9
710,97,0,1.4545454545454546,9
711,98,0,1.4382022471910112,9
712,98,0,1.3181818181818181,7
713,98,0,1.5444444444444445,8
714,99,0,1.5842696629213484,9
715,98,0,1.4111111111111112,10
716,100,0,1.4456521739130435,8
717,101,0,1.5268817204301075,9
718,102,0,1.6129032258064515,10
719,103,0,1.6736842105263159,9
720,102,0,1.5978260869565217,10
721,100,0,1.4565217391304348,8
722,101,0,1.3956043956043955,9
723,100,0,1.315217391304348,8
724,100,0,1.2307692307692308,7
725,101,0,1.3478260869565217,8
726,102,0,1.3978494623655915,9
727,103,0,1.6344086021505377,10
728,102,0,1.5851063829787233,8
729,104,0,1.5894736842105264,9
730,103,0,1.4680851063829787,8
731,102,0,1.4680851063829787,8
732,104,0,1.4895833333333333,9
733,104,0,1.4361702127659575,9
734,104,0,1.4105263157894736,10
735,103,0,1.3578947368421053,7
736,104,0,1.4421052631578948,8
737,104,0,1.3263157894736841,9
738,104,0,1.3473684210526315,7
739,104,0,1.5157894736842106,8
740,104,0,1.4583333333333333,8
741,105,0,1.3645833333333333,8
742,104,0,1.3404255319148937,9
743,104,0,1.4791666666666667,10
744,104,0,1.4105263157894736,9
745,105,0,1.5208333333333333,10
746,104,0,1.5,7
747,104,0,1.5104166666666667,8
748,105,0,1.5104166666666667,9
749,105,0,1.53125,7
750,105,0,1.4631578947368422,8
751,105,0,1.46875,9
752,105,0,1.5,8
753,105,0,1.5257731958762886,8
754,105,0,1.5104166666666667,9
755,104,0,1.40625,9
756,105,0,1.3854166666666667,9
757,106,0,1.3402061855670102,9
758,107,0,1.2551020408163265,8
759,106,0,1.336734693877551,9
760,107,0,1.4387755102040816,10
761,106,0,1.2857142857142858,9
762,107,0,1.3434343434343434,10
763,108,0,1.4646464646464648,8
764,107,0,1.4489795918367347,9
765,105,0,1.4479166666666667,10
766,105,0,1.4895833333333333,10
767,105,0,1.3157894736842106,8
768,104,0,1.2659574468085106,8
769,104,0,1.4791666666666667,9
770,105,0,1.4,9
771,105,0,1.4639175257731958,9
772,105,0,1.3229166666666667,9
773,105,0,1.25,8
774,106,0,1.3229166666666667,9
775,105,0,1.40625,10
776,103,0,1.368421052631579,8
777,104,0,1.3333333333333333,9
778,106,0,1.3608247422680413,9
779,106,0,1.3505154639175259,10
780,106,0,1.2916666666666667,8
781,104,0,1.40625,9
782,105,0,1.4631578947368422,9
783,105,0,1.5157894736842106,10
784,104,0,1.5319148936170213,8
785,102,0,1.4361702127659575,8
786,102,0,1.4838709677419355,9
787,103,0,1.574468085106383,9
788,103,0,1.5913978494623655,9
789,102,0,1.5425531914893618,8
790,102,0,1.5376344086021505,8
791,103,0,1.425531914893617,9
792,103,0,1.4,10
793,105,0,1.4,10
794,103,0,1.2947368421052632,8
795,103,0,1.3010752688172043,9
796,103,0,1.3157894736842106,10
797,102,0,1.4516129032258065,10
798,102,0,1.351063829787234,7
799,103,0,1.4361702127659575,8
800,103,0,1.5,8
801,104,0,1.4583333333333333,9
802,104,0,1.4375,9
803,106,0,1.4639175257731958,10
804,106,0,1.2916666666666667,10
805,105,0,1.2947368421052632,7
806,103,0,1.2043010752688172,7
807,102,0,1.1914893617021276,8
808,103,0,1.3118279569892473,7
809,102,0,1.4838709677419355,8
810,102,0,1.5108695652173914,8
811,100,0,1.5108695652173914,9
812,101,0,1.6263736263736264,10
813,100,0,1.6813186813186813,8
814,101,0,1.5869565217391304,9
815,100,0,1.5934065934065933,8
816,99,0,1.3595505617977528,8
817,98,0,1.4269662921348314,8
818,98,0,1.449438202247191,8
819,98,0,1.5222222222222221,7
820,99,0,1.6,7
821,100,0,1.7717391304347827,8
822,100,0,1.565217391304348,8
823,102,0,1.391304347826087,9
824,101,0,1.423913043478261,7
825,100,0,1.4456521739130435,7
826,100,0,1.4673913043478262,8
827,101,0,1.5164835164835164,7
828,98,0,1.511111111111111,7
829,99,0,1.7142857142857142,8
830,99,0,1.6111111111111112,9
831,100,0,1.5714285714285714,9
832,100,0,1.641304347826087,8
833,99,0,1.4333333333333333,8
834,100,0,1.5384615384615385,8
835,101,0,1.4395604395604396,8
836,101,0,1.2826086956521738,9
837,100,0,1.211111111111111,8
838,99,0,1.2857142857142858,7
839,101,0,1.4021739130434783,8
840,102,0,1.4787234042553192,8
841,102,0,1.5161290322580645,8
842,102,0,1.4193548387096775,9
843,101,0,1.4731182795698925,8
844,102,0,1.4623655913978495,8
845,102,0,1.351063829787234,7
846,104,0,1.4893617021276595,8
847,102,0,1.6021505376344085,7
848,103,0,1.5263157894736843,8
849,104,0,1.6105263157894736,9
850,104,0,1.5625,8
851,102,0,1.2473118279569892,9
852,103,0,1.351063829787234,8
853,103,0,1.3763440860215055,9
854,103,0,1.4105263157894736,8
855,103,0,1.3368421052631578,9
856,104,0,1.4148936170212767,10
857,104,0,1.3894736842105264,10
858,103,0,1.4787234042553192,9
859,103,0,1.3978494623655915,10
860,101,0,1.391304347826087,7
861,101,0,1.2688172043010753,8
862,102,0,1.4130434782608696,9
863,100,0,1.5274725274725274,10
864,100,0,1.5164835164835164,10
865,99,0,1.4606741573033708,10
866,98,0,1.7078651685393258,10
867,98,0,1.6888888888888889,10
868,98,0,1.595505617977528,10
869,99,0,1.5888888888888888,10
870,99,0,1.595505617977528,9
871,98,0,1.595505617977528,10
872,98,0,1.6404494382022472,10
873,97,0,1.6022727272727273,9
874,97,0,1.735632183908046,10
875,95,0,1.5930232558139534,10
876,95,0,1.569767441860465,10
877,95,0,1.6352941176470588,10
878,94,0,1.5116279069767442,9
879,95,0,1.569767441860465,10
880,95,0,1.627906976744186,10
881,95,0,1.5465116279069768,10
882,95,0,1.4823529411764707,10
883,94,0,1.5952380952380953,9
884,94,0,1.6941176470588235,10
885,95,0,1.744186046511628,10
886,94,0,1.7176470588235293,10
887,94,0,1.6627906976744187,9
888,95,0,1.5,10
889,96,0,1.632183908045977,10
890,94,0,1.576470588235294,10
891,94,0,1.6352941176470588,10
892,94,0,1.7058823529411764,10
893,94,0,1.7142857142857142,10
894,93,0,1.7529411764705882,10
895,93,0,1.4823529411764707,7
896,95,0,1.5116279069767442,8
897,95,0,1.430232558139535,8
898,96,0,1.5232558139534884,9
899,95,0,1.6436781609195403,9
900,97,0,1.5632183908045978,10
901,96,0,1.5747126436781609,9
902,97,0,1.7471264367816093,10
903,95,0,1.632183908045977,10
904,96,0,1.6206896551724137,10
905,96,0,1.632183908045977,10
906,95,0,1.6046511627906976,9
907,96,0,1.5340909090909092,10
908,97,0,1.5568181818181819,9
909,97,0,1.5862068965517242,10
910,95,0,1.5,10
911,96,0,1.5681818181818181,10
912,97,0,1.4942528735632183,8
913,96,0,1.3977272727272727,9
914,97,0,1.3409090909090908,10
915,98,0,1.348314606741573,10
916,97,0,1.4367816091954022,9
917,97,0,1.5632183908045978,10
918,96,0,1.5517241379310345,10
919,96,0,1.4545454545454546,9
920,98,0,1.4269662921348314,10
921,98,0,1.5730337078651686,10
922,98,0,1.5617977528089888,6
923,97,0,1.4157303370786516,6
924,98,0,1.4772727272727273,7
925,98,0,1.4943820224719102,8
926,98,0,1.6444444444444444,8
927,97,0,1.4382022471910112,8
928,99,0,1.5054945054945055,9
929,98,0,1.5617977528089888,9
930,97,0,1.471264367816092,7
931,97,0,1.5795454545454546,7
932,97,0,1.5795454545454546,8
933,98,0,1.7666666666666666,8
934,99,0,1.6777777777777778,9
935,99,0,1.6043956043956045,8
936,101,0,1.5274725274725274,9
937,99,0,1.5274725274725274,8
938,101,0,1.6304347826086956,9
939,100,0,1.6521739130434783,8
940,102,0,1.7096774193548387,9
941,100,0,1.7065217391304348,8
942,101,0,1.5806451612903225,9
943,101,0,1.4731182795698925,8
944,103,0,1.6129032258064515,9
945,101,0,1.5053763440860215,8
946,102,0,1.4731182795698925,9
947,101,0,1.3763440860215055,9
948,102,0,1.3695652173913044,7
949,101,0,1.4731182795698925,8
950,103,0,1.5806451612903225,8
951,102,0,1.425531914893617,7
952,103,0,1.5483870967741935,8
953,102,0,1.4680851063829787,6
954,104,0,1.4947368421052631,7
955,104,0,1.8085106382978724,8
956,102,0,1.6702127659574468,8
957,104,0,1.6631578947368422,8
958,104,0,1.4947368421052631,9
959,103,0,1.431578947368421,9
960,102,0,1.3829787234042554,9
961,103,0,1.3829787234042554,8
962,102,0,1.3617021276595744,8
963,103,0,1.5319148936170213,9
964,102,0,1.5161290322580645,7
965,102,0,1.4893617021276595,8
966,103,0,1.5698924731182795,9
967,101,0,1.7282608695652173,9
968,100,0,1.6195652173913044,9
969,101,0,1.6373626373626373,9
970,100,0,1.6956521739130435,10
971,101,0,1.5434782608695652,8
972,100,0,1.4725274725274726,9
973,101,0,1.5806451612903225,10
974,101,0,1.5384615384615385,8
975,101,0,1.4731182795698925,9
976,102,0,1.4086021505376345,10
977,101,0,1.3763440860215055,8
978,103,0,1.4516129032258065,9
979,102,0,1.425531914893617,8
980,103,0,1.4042553191489362,9
981,102,0,1.5268817204301075,8
982,102,0,1.6736842105263159,8
983,101,0,1.5157894736842106,8
984,102,0,1.431578947368421,9
985,103,0,1.5578947368421052,8
986,102,0,1.4623655913978495,8
987,102,0,1.5212765957446808,8
988,103,0,1.5473684210526315,9
989,102,0,1.5376344086021505,10
990,102,0,1.5698924731182795,9
991,102,0,1.641304347826087,9
992,101,0,1.6129032258064515,10
993,102,0,1.6304347826086956,8
994,102,0,1.5698924731182795,9
995,101,0,1.6021505376344085,9
996,101,0,1.5106382978723405,8
997,102,0,1.5434782608695652,9
998,102,0,1.6595744680851063,9
999,101,0,1.5,8
1000,101,0,1.4130434782608696,9
